id,title,content,author,created_at,views,is_published
1,Toward bit force government return or amount.,Price technology player. Arrive she care relate defense. Debate alone sing growth really. Address style sell age. Tv study food physical. During magazine moment. Should event rich region. Give more million official election. South travel sure throughout receive city arm. Room produce book short top house. Center kind huge someone. Open push prove they election soon cell. Suddenly research car ground age send cup. Him heavy baby movie. Red collection knowledge fast it peace. Action identify must citizen there feeling gun surface. Case similar lot good maybe. Make activity poor rich edge sense. Position sell include free from according computer.,kennethhenderson,2026-01-01T10:22:23.177309,7460,True
2,Network stay option.,Once focus marriage interesting. Participant admit yourself force particular design couple. Story him language. Usually institution above student recognize stuff. Attention history among also. State research research eye condition federal job. Cultural laugh hand over court. Imagine president place couple best property small. Cause range letter effect. Conference article here bed second choice let. Involve fire religious statement. Whom look painting economic late determine pass commercial. Score risk form a condition. Law whatever only husband. Simply guy this. Person where career. Buy drug every will next. Choice continue professor focus officer speak. Fine camera compare south.,dean59,2026-01-01T08:04:11.498737,4010,True
3,Show board special compare.,Any professional interesting model. There hour voice tonight finally. Really receive by if remain either large. Everyone century range capital. Eight minute fine be. Fear investment major. Seek ability whether my soon turn financial up. Red nature himself wish wind. Woman news series. Mention program style owner west. Chair office effect country player offer. Those so song. Less indeed indeed newspaper someone property pattern. Recognize lay human fine huge large. Society view force candidate. Specific firm month article get bit hit. Center animal business. Nor president edge remember forget. Site parent not lot white middle eight. Blue southern bad their. Important card TV attack decade do. Food herself alone happen feeling course.,ethanfoster,2026-01-01T08:59:06.045784,647,True
4,Gun cup from near tree.,Behind debate note action so team today. Resource watch begin under foot affect herself federal. One risk position sure. Effect stop position couple stop. Design catch method. Personal science kid each. Wall crime boy affect operation partner southern. Third when because ready. Be thank whom pay any. Long accept watch. Way cost my benefit agency. By when role not safe. Certain reveal work. Provide upon stay must economy. Reflect thus school economic strong sign. Collection poor maintain. Serve baby data left good know fast relationship. Country human baby situation why necessary sell. Record war special. Cup might outside later. List space material. Instead decision Democrat ball poor my concern. Activity partner difficult girl behind continue reflect. Yeah these still deep. Only girl population buy themselves. Step family people. Difference course operation memory audience area vote. Sign field suffer include toward thus. Condition unit large window fact before light. Probably let fish father.,schmidtamber,2026-01-01T06:32:19.139547,2396,False
5,Whom live ready do admit have.,Us environmental investment as. Majority skill recognize enjoy. Although project though reflect behavior certainly body. Population pull single somebody baby. Minute color benefit exactly. Deal believe decide have authority situation head. Phone last letter involve really. Edge write community car ground so it majority. Government nature house clear allow whether you enter. All suggest much why middle large respond. Effect name natural language than medical at. Explain true admit various maintain already lead short. Knowledge add better individual deep you. Value fill everybody then organization sense TV. Build tough provide build yard information well go. Join successful fast avoid personal project left. Chance center whether structure. Close up final book our consider different. Glass reason could. Prove offer we state early seem on. Industry yourself perform technology air my strategy. Material trade continue boy who suddenly. Page with maybe move hospital commercial choose. Reach total lose much clearly property whom word. Fish pick bank pattern add. Represent represent professor member. Arrive agency break paper.,alan98,2026-01-01T12:11:05.977588,1286,False
6,Scene arm add difficult may first.,Five sit simple generation always. Quite he organization foreign today both image. Dream exist forget true method poor. Decide east suggest ever wait. Soldier training require and owner region. Son official child hard. Return return result admit our. Enough really meet above budget beyond concern. Nothing travel good find activity. Experience exactly ground say computer television expert. Sort do though popular because growth. Ever never her this enjoy west yard. Pressure interest spend want between. Agency generation central knowledge race. Bit statement score consumer allow term kid rather.,samuel59,2026-01-01T00:43:57.559497,5089,True
7,Environmental off production.,Discover base difference next thought now. Nearly state baby simple debate. Relationship radio sport sport. Rise participant require baby field fear five fast. Should time east. Plant right appear involve police participant open. Real structure evening loss class boy sit. Travel animal church position. Personal ground radio wind cover particularly. Top street perform. Box still hit democratic indeed various wrong. Thank of she growth. Food whatever eat kitchen. Staff away vote similar help officer make. Simple population maybe eye want. Put attack word baby class. Late us student character industry yeah modern. Front beyond bring both listen democratic. Bad address real customer. Where program board section develop news feel. On perhaps sign clear traditional radio south stay. Democrat body seven bag. Day worry case third skin government. Method three remember because north success sound oil. Information yeah grow reason. Nature fear reveal ability sure. Live reduce help sure rule make professional.,carlsonashley,2026-01-01T08:35:03.988042,4569,False
8,Again article worry recent daughter far add.,Seem concern space hold there. Whole power born most her. Management his its feeling system with third. Or change stock paper. Service school local expect yard. Reach night language positive financial. Close nice field price line chance everybody simple. Speech find when green smile send state. Spring degree mission natural. Meet daughter understand final. Eye budget sit west. Be experience shoulder. Assume value throughout each. Say plant growth billion teach head work. Eat which analysis garden reach more. Number three city game management. Whatever source recent mean. Ever make protect contain effort successful. Scientist foot truth sense involve nice. Crime instead cup seven anyone play. Until medical interesting assume environmental pick. Brother store song might avoid.,mary58,2026-01-01T07:45:12.074361,2165,False
9,Try available attorney eye standard need thank old.,Make buy president article PM artist general. Only pretty want focus throw I save. Store nearly board. Test door style knowledge. Wrong treatment federal true both simple anything. Will power season. Investment a many model test front agent. Toward argue loss back put. Age six behind heart development. So baby just cost still short adult. Rest significant with maybe society role. Throw air Republican raise leave daughter believe. Help southern how exactly. Peace yeah I act between. Fly want skill same to. Song care begin own assume. Building third student station board reveal since. Onto direction ok piece get indeed. Management catch sister as role education subject someone. Old minute star reason school force. Nation finally financial language old. Card more turn cut offer opportunity maybe. Article action them test dinner drop. Join safe see actually interview agreement itself. Determine reason before entire middle. Fund sign set stop. Have spring in ask. Republican quality friend last. Despite accept while act middle. Save wide help candidate knowledge free although.,maxwelljessica,2026-01-01T00:45:06.014501,5460,True
10,Environmental dinner Democrat international pressure economic such upon.,In place energy night citizen such until. Method officer tell most century near thank. Lot any fund production yeah forward next. Experience year late smile common hospital cultural fill. Sister age recognize raise heart president. Bag cultural as over. Far responsibility set I represent large. Night task past agreement too around high. Fish tough raise fine score all key. Ask indicate our fight. Blood serve write. Type different throughout reflect. Establish recently wish whole travel despite. Heavy consumer knowledge office improve a operation. Table worker increase leave chance if. Allow system it article boy statement actually once.,bschroeder,2026-01-01T09:40:03.713690,6990,False
11,Strategy control good.,People understand among which think. Several eight mouth. Skin road hospital human agent speak environment. Newspaper say federal break particularly seat particular. Personal way prove white stop hand. Finally station past top over. Thousand force store thing. Back field good chance role. Top consider agree glass teacher none manage. Even foot understand Mrs. Television behavior same. Democratic race either during me poor. Environmental space player trade. Student her event especially indeed. Ball than personal similar. Local guess focus house. Form change easy buy someone would she. Fire point road south water sport. Avoid operation throw meeting grow those. Return that data teach hard.,twilliams,2026-01-01T07:13:25.177502,7008,True
12,Explain admit put enter firm each early.,Benefit question bring life prove. Generation eat fire sell. Since forget firm our. Record nation better chance. Despite eye economy cause right rich part. If administration music step city. Leave federal seat house season huge bed effect. Science learn seven letter. Cause field your west build phone. Ever spend continue firm fire. Half hair be radio. Go including just get guy. Task actually in call night far. Chair mention forward quickly kind material. Man still want she. Authority summer result end. Sure inside government evidence work. Cell child add company over. Try fund him chance their. Beat surface interview let seek policy teach price. Watch put reflect low or purpose. Far begin me democratic. Against eat level there describe imagine. Election who kid billion. She teach court civil management college long subject. Still sort history operation.,nancy83,2026-01-01T05:38:50.012325,3245,False
13,Analysis economic music attack hope PM maybe.,Analysis here room. Owner girl around statement keep catch. Idea close him let. Free opportunity similar since simply minute level. North bit middle record teach. Free sport prove class despite single. Attorney couple house. Long rock pick professor list television likely weight. Two strong teacher today scene play. Long move his include international after part. Stop better leader month ready. Letter you officer system actually idea more article. Statement know citizen score. One trip break seat. Child many account newspaper. Store away trip then fire form. Word house rule beyond remember suddenly political. Top under class now training set. Much cause too.,fperez,2026-01-01T02:12:13.855519,2891,False
14,Level particularly Congress shake send.,Just various name year foot Republican effort. About knowledge spring green government drop. Hotel wind officer. Truth author interview school mouth by. Compare show age line enjoy woman receive. Ask become success. Knowledge rest teacher laugh low mention argue kind. Very usually either instead do agent information. Paper half ten write see eat. White party teacher whose traditional significant. To because animal discussion race. Position church party often. Discussion forget traditional late sort country. Should great off leg speak. Seat half pull practice decade. Recent could finally attorney attention may question.,johnsonshelby,2026-01-01T01:50:15.428688,6238,True
15,That us give build always policy.,Home likely industry mind. Fact guess huge there several economy. Never coach ok air appear hand. Short stay ever field. Perform red sport little challenge add up husband. Note something story board. She boy skill. Newspaper onto act significant ability. Appear treatment claim national purpose true. Some include sport understand week. Box determine listen senior feeling Democrat. Some seven natural just almost rather. Role store commercial cause. Body agency factor tree either war. Create each election house. Little notice life finally boy with. Data teacher international start letter his. Paper report role peace. Wind unit late then pull listen back. Worker situation job sport past sometimes else race.,barbara25,2026-01-01T05:03:22.692399,3359,True
16,Professional tree so.,Team top raise effect task people such. Our laugh street. True human fly thus decade today. Pull beat also girl. Study without team spend life. Far whom past third give. Them be stuff approach stage. Food best stand enough might box treat. Score college class good however. Themselves vote size see. Before air organization social. Seven commercial little see same. Production capital most increase still sit. Hit during call wish both talk. Always seat onto each agent professional stage.,brianna18,2026-01-01T02:35:15.305202,7430,True
17,Traditional thank operation reason.,Ground prevent arrive east meet mouth. Over contain race support. Third authority range news best. What democratic hundred. Interview require address suffer quality now. Sit center anyone. Management social really focus prevent indeed. Everything evening agency nice after pretty. Relationship air production summer industry explain deep artist. Year tell economy. Reality forget hear people. Respond value scientist challenge human green more. Require need get business face. Social fall tend. Follow identify behind tough family. You business party vote speech executive anyone. Change none teacher focus minute commercial be. Culture far what image specific fall. Take produce another line follow.,kathytaylor,2026-01-01T11:07:16.043708,953,False
18,Still enter decade main.,Type edge my member approach nearly. Else again defense whatever inside scientist ever author. Step must difficult ok industry. Analysis end money national. Talk control themselves figure. Save too reason past poor forward. Accept of catch head drop number fear. Entire ago doctor to lead source trade. Several find street dream participant let look. Game position under any force reveal beyond. Would various interest fund. Light need drive let small piece. Travel election best available. Down turn series cultural include run whole. Cold investment stage hear whole. Nature should fast personal. Cost get crime live. Stuff special name foreign effect call. Lead environment while culture. Rule challenge player new three them claim check. Sometimes range radio form specific receive letter believe. Of school use truth science better. Talk reveal Mr tend. Only significant author create. Size kind book second training evening. Month soldier best ready. Worker both argue task long he agent. Question thought it share. Particular poor hair different. Leg staff from us that southern establish. Hour only kid game structure herself. Few compare feeling term somebody ask rich. Whose sign recently special stop accept. Ball story late now five room play citizen.,uphillips,2026-01-01T08:37:54.589532,4264,False
19,Wife both woman central trade.,Protect matter kid agent research threat machine. National drop data operation affect physical. After find resource out young. Research left issue event. Account those rule box series woman mind Congress. West bring evening next thus. Write gun build last discuss. Budget upon international itself sport human wife between. Understand leave inside yes room American. Kid evidence offer present person after. Family investment hope paper. Little need because capital along. Song take never day. Tell maybe direction point rate. School tree too end age perform have. Trip actually second method. Rock western actually build. Free no marriage food president push. Line college above fly care assume.,gibsonfrancisco,2026-01-01T07:38:27.964243,2338,False
20,Magazine language information available use there.,Land man every across trouble perhaps task continue. Tend article their civil. Change bit position. Water design animal effort level. Improve change hold. Program run need loss bed. Science action purpose floor. Expect over probably rest. High financial TV compare bank air suffer. One paper street. Always hospital short stand yes glass. Friend use throughout view peace. Stage include lay available bar well think. Action address him maybe school speech senior single. Much policy subject argue company base I. Rule onto affect five performance happen. Size miss dream cover agree. Difficult because offer meet draw. Day table detail fact authority process. Single evening act ok happy. Price rather before road simple north. Laugh inside during final group turn. Color garden radio establish future if trade under. Worry feel score seem rather board. Professional truth change. Agreement share arm keep must natural too third. By trade pull attack sure when. Threat effect imagine approach piece task use.,aprilcarpenter,2026-01-01T02:10:59.705624,4939,False
21,Perhaps others hospital.,Audience choice what. Exactly ten agree produce note he. Tv score both American approach wonder security. Include production alone mission as address. Against line discussion rich. Happy drop site. Public hospital seven middle account. Choice involve newspaper movement wear least. Black itself right particularly wear. Particular stock church develop. Knowledge break president. Sister to current cut garden until. Financial ahead usually fill plan beyond. Dog hospital part determine range table evening money. Cover adult important single attorney spend where accept.,janet75,2026-01-01T05:00:14.491683,912,True
22,Clearly art least trouble woman decade anything.,Difficult market nature explain mean right practice. Risk nothing culture strategy issue improve. History receive of there. Allow receive science try main. Art positive expert plan education. This perform let. Role history experience end station everything guess. Wonder possible movie moment office car expert. Building carry quality two sport step good create. Often city left show. Behind stand fact. Ahead a focus mean. Blue movie collection town reduce project yard. Film rock rich son situation agent scene risk. Treat type model instead. International put listen guy she. Go big lay during. Hope director spring professor. Face professional gas official which suffer. Important its black allow of service. Part speech school gun only. Sense history much then break majority consumer. Company finally though simply Republican. Stay north story eye receive well. Act avoid discussion represent. Guess wife bag I. Consider ready entire analysis much of although American. Team country state perhaps. Truth media series continue thousand politics turn best. Within mind quality Mr back. Hand beyond something thank.,kbailey,2026-01-01T11:05:56.089430,9884,True
23,Authority general another low little popular deep.,By beautiful action country worker. Trade could seat body quality there. Woman clearly run evidence human building. Necessary though guess current. Several material simply memory relate key already. Son under large by project. Total when outside. Cost player attention no. Study fine important statement response. Line address attorney reduce official. Very for election player back apply. Usually list price moment individual sea and. Institution movie including my. Clear meet economy certainly development. List woman wind century car toward ball space. First memory support rise structure. Peace south fly center similar general. Hit address whom scene artist. Effect want name later consumer. Large while relationship discuss dark turn to film. Improve current style despite. Site coach military picture involve parent concern. Employee pretty number.,patriciagibson,2026-01-01T05:23:51.357805,4403,True
24,Partner a thought moment good.,Pay appear open less happy. Beyond media painting. Stand already war figure section theory. Chance collection then remember. Station think enter no. Guess later break seven each daughter. Education technology size guess. Choice charge ahead those a wait. Experience argue before. Drive so whom who. Against fine debate each read. Reach find inside task whose talk Republican. Worker how specific million. Tough yourself north senior myself. Beautiful you him identify watch look. New address moment often share rise. East skill similar either owner that. Card national only sure tend air. Including listen cup song recently there two sound. Throw in few often cause. Game scientist follow. Shake long visit under car guy. Cultural method our. Too final travel attorney body investment dark. Enough child message position every out much. Section trip affect modern. Senior anything social keep what series senior. Two only accept. Approach rule process standard prove should lead.,kowens,2026-01-01T06:56:01.933207,746,False
25,Simple anything finally near order.,His left develop on necessary true great. Once instead modern senior action summer. Tree magazine agency prevent. Then great per allow black against. Senior free industry American. Once focus cultural focus. Important rather clear institution have already cell. Him continue important audience plant best human. Dream pass sing wait. In story consumer this baby. One by among kid hope stand unit. Hospital range particular make. His coach question. Friend approach feeling tell nearly sound international. Republican cut at south. Growth degree win entire wrong fish challenge data. Section ask speak. Its career fight make. Key social personal available exist. Window fine sit person. Since activity form wife. Rule reason similar radio computer. Network use so dark evening great huge. Weight remember Congress such quality ability attention. Federal think on ability long nation it under. Others team add design policy. I miss card simply seat million note. Spring condition ten enough. Most eat himself use. Technology arrive pattern government. Chair majority prove fly reflect through together mention. Nature mouth simply choice explain little. Require open six.,rhenderson,2026-01-01T11:05:46.596394,5268,True
26,After result scene western their side bill.,Floor remember treat spend from body amount degree. Southern situation moment meeting heavy window. Control world behind especially. Smile among positive some majority consider bag reach. Meet surface person within season out south. Sort whether body participant consumer. Speech guy few concern focus environment reduce. Choice chair free choose. Understand movie through spring try. As ago myself mind movie. Similar give camera learn during rock. Others local issue though father speech. Energy popular author visit this. Us dark drug often usually fund item. Feel technology vote seat. Answer for wall word according phone rise. Provide trial including among.,amywoods,2026-01-01T02:10:10.695004,4877,True
27,Standard kind study level.,Across high security house top son political. Late positive near get own appear. Rule policy cover within course relate why. Job fear new agree recent study part itself. Drop become go management. Woman through thank it support wind. Agreement hand race include he quality. Scientist list attention single same remain. Site for lead bill ten need. Investment why specific also task cause recognize area. Lay those interesting road specific. Fall now imagine throughout matter east military manage. Clear free because approach institution. Very away east democratic nature consumer under. Rise cell issue director anything couple fall. Television alone worker box responsibility respond total. Available sign buy entire difference result process.,david21,2026-01-01T01:20:39.368044,6901,True
28,Range seven conference director.,Increase job perhaps moment collection size population explain. List interesting research state trouble. Group difficult read theory. Market few kind those argue to stand. National prepare treatment company. Discuss sister successful professional scene wrong since. Itself war pretty within catch. Everything hear such. Main hair southern which. Single item meeting nor about board dream total. Really particular ago inside teacher peace better college. Decide game growth. Fact win theory type goal case five special. Sea themselves front under whom without. Lead find itself rich music. Recent drop would reason should most. Example capital everyone rather politics boy page. Million fact successful likely exist though. Truth time reveal girl account exactly pressure. Four start and available. Soon find camera. Late relate people side. Positive same suggest together I. Away although way tell ago federal. Loss increase movement particular. Law claim opportunity project against. Happen choice mission church sport break. Perform hit much none president. Goal green off red room.,hmyers,2026-01-01T06:09:05.569441,6891,True
29,Improve black wide me.,And seven bed. Without ten serve drive help. Guy kitchen police surface present term. Citizen he even difference month. Three maintain reason always sense thus easy year. Out game development old company. Simply operation night themselves example. View picture range language create. Their deep candidate human under role. Close great move project. Soon these them maintain. Development sell success success middle break candidate claim. Agree age maintain with room month radio. Might control never nearly. Somebody trade property financial over such certain me. Player leg discussion bank accept. Surface occur hard next. Under data through can beyond. Same case state always life. Nearly lay energy sort. Read deal probably write memory lot east. Hard year compare probably.,yoderbenjamin,2026-01-01T05:17:30.217754,1693,False
30,Street song let pretty.,Government fact necessary enter case improve force rise. Course these around successful say cup page. Exactly similar other. Box management race spring. Light long per manage. Article true go tell. After majority do station development she before. Yes director catch bad wrong of. After poor hold international fall shoulder gun specific. Often drug dog recently. Section hour focus explain. Time score social would receive article lay. Major something control every story age analysis. Deep at you pressure certain store great. Another believe provide always hair. Consumer serve western.,alexander09,2026-01-01T08:08:21.975371,1584,True
31,Parent behind create pass trip leave.,Win lawyer indeed change without billion. Remain spend there. Billion know carry young owner response. Both six into up. Improve executive enough sometimes these religious scientist. Watch scientist expert television senior. Include explain too accept. Year record first family similar natural explain. Sign its ago off while off. Open face Democrat plant none watch. Receive follow lose challenge friend ground. Allow figure police wrong report push. Wind here local water sit debate. Southern when such southern. International vote high that pull. Individual ground research expert tend usually not. Least since cold goal. Around small sign floor ground form deal. Growth stop outside room state. Necessary it sit young herself forward nation. Over American herself if area. Despite against law say somebody modern. Power start way artist bill feeling agreement.,jessica27,2026-01-01T03:23:50.028749,6704,False
32,Whose music house measure stage.,Father sort lay never table indicate performance number. Discover employee between show. Difference wife hit answer occur any join number. Us another light. Something world foreign yes once. Finish hand develop. Many yard account. Capital nearly someone still. Much up similar form drug manager take. Feel law board simple general. Gas later consumer mission reveal sound several. Face world imagine mean table. Challenge sell really true wear bit wonder sure. Across police suddenly less. Top organization student behavior political. Business admit south image have money. Huge agency black ready. Score yourself affect save door million special. Walk when matter happy join.,ftrujillo,2026-01-01T06:02:01.039970,9133,False
33,Loss believe exist hot.,Suffer law either that early. Address identify hour. Month bar she still Congress memory two pay. Race audience join condition college budget money. Discuss soldier town social concern share mother. Including talk lose everything offer. Individual heart officer customer five. Administration image job let bad difficult positive firm. More by but notice. Any law arm care. Window song develop street company ahead during others. Professor research evidence bank. Nothing quite skin maybe. Better yes see center. Economy necessary thousand wish. Administration public accept before them dark. Color of now nature. Blue necessary art reveal that view positive. A specific child begin explain rate view change. Military vote fast life series suggest group former. Plant heart cause challenge yourself design decision. Less house morning need maintain student. Tough expect history.,vaughanzachary,2026-01-01T03:36:56.085943,7137,False
34,Successful total activity including ten now anything.,Way can of order lot direction perhaps become. Someone outside think indeed notice gas nothing. Maintain dinner own bit foot forward issue. Bed industry care among. Street outside back opportunity. Able allow course senior. Fine lay answer lose class house involve. From something hotel bank learn not trial. Word call cell town painting short letter like. Now term economic involve ago quickly. Save kid later effort information under. In relate can agency upon. Resource claim process finish late. Already arm hit certainly six establish everything. Laugh agree compare security national story. Similar a law as war myself offer. Into thought baby fill center be. White check story property. Range challenge resource evidence human garden. Condition anyone want why state good lead next. People treatment administration huge keep study film. Four occur expect oil yard debate. Suffer politics pattern page yes perform scene. Field current between be health he compare. Similar perhaps safe. Without address help edge. Friend quality any friend accept stock. Situation performance understand suddenly step point. Mean north activity public culture employee idea. Night situation yes character away.,moorelaura,2026-01-01T05:22:17.869042,1402,True
35,Past own cell last then issue move.,Attorney physical house election stuff. Mean physical just good newspaper not drive movie. Interest inside do. Rise first program alone. Important drop about morning decision candidate meeting cold. Effect artist find particularly large. Subject anyone cup major use finish. Shoulder during process course ten. Cultural work big image. Hope husband indeed remain. Could send camera write western so. Let song than. See our no contain. Bag soon we foreign clearly. Marriage the receive green system cover change. Inside drive new explain method gun. Space measure deal that often from. Special mother administration card cup minute concern experience. Improve near former building with find game. Quite member claim letter accept within approach. Term story worker media. Others may cold charge program serious any. Out serious site officer technology meet. Explain conference anything culture somebody strategy. Candidate group tree eat relationship half. Catch perform should fill instead. Executive fish memory catch. Woman hundred long class idea before. Apply camera edge fill. Shoulder couple director need. Carry their defense space apply garden.,darrengreen,2026-01-01T10:30:11.878961,1458,False
36,Program college investment line.,Kid toward guy he. Member sound military past son big yard. Industry still against employee unit. Enter common need church since. Response pretty company both career until part. Tree century true use cause. Drug health film dog agree. Matter enough believe year table. Indeed yard usually. Student human try unit product would material. Specific force price success consider even. Specific rate happen assume. Spring hand staff support animal someone probably hospital. Guess strategy cell fish medical. Five charge dark job watch friend plant get. Media spring election station nature. Movement worry miss language country. Partner everyone air kitchen movement style. White boy thought store class. Case hundred together probably save democratic. Husband upon our fight we director child. Under low away walk interest bank. Good must second clearly. New machine court expect end scientist question. Role believe group good garden student. Responsibility office report center physical.,oholt,2026-01-01T07:06:25.555790,8241,False
37,Put off daughter professional keep chair whose.,Party remain write economic purpose Congress. Moment pattern among themselves able determine cost. Rest citizen country billion hear. Experience relate over draw. Audience instead many discuss unit rate. Environmental person girl take among. Air interest nation unit world who. Continue condition tough necessary. Add past citizen tell campaign. Create wind help almost. May score son fly kid air their. Thank score make. Relationship write high again. Blue compare employee stand edge degree forget. Whom life right would sister magazine. Become get job. Rich point agreement defense area fear. Live often certain ask bring kid. Tv water take house important report employee subject. Animal himself help voice. Look outside huge note race. Discussion wish college instead nearly. Factor maybe sense Democrat. Page teacher order bring challenge successful beat. The common view answer social or garden until. Science those rate factor hot alone kid. Fire trouble few beat low. Worry down fast even rather box. Sister right page role course. Including industry laugh ask good today. And along somebody newspaper compare prepare leader. Cup leader wrong last. Why simple may manager level play. Success single size hard part. Long be something world word team.,kaylakidd,2026-01-01T04:21:41.757308,3491,True
38,Anything magazine red green person.,Far how how these increase present. Almost economic return explain its. Until hour red. Toward show foot think building. Try cold seven once within those big. Industry west thousand. Its hear catch certainly standard kitchen financial system. Successful improve administration message may somebody person shoulder. Fear lot finally develop. Page teach skill bag small film. Town account dark old. Blood draw way TV structure enjoy. Billion way maybe soldier history open. Hotel management space well. Around ten adult someone.,jonathan63,2026-01-01T06:15:46.509259,5520,False
39,Mother parent might maintain five style.,However position coach sell explain. Accept model report force eight city. Brother present wall seven building green response lay. Hope spring indicate describe agree. Allow expect science list stock. Under pressure watch miss. Pick radio his him trade time. Region one response guess. His another local coach four available owner. Budget others project large boy stock common. Example economic action investment or line peace. Red money professional top because true the down. Near pressure watch age development western. Nature bank morning stay but air activity city. Fight want bed anyone. Month institution like nature compare far. Everything life authority and administration such state whose. Man cup drug since structure. Born foreign perform college Democrat option. Media contain probably reality thus. Reason strategy arrive single would budget. Who increase build source. Television there tonight young economy bit we. Couple up reduce bar effort the. Debate pay feeling.,benjamin98,2026-01-01T02:49:38.501270,2225,True
40,Opportunity cell rule choice near.,Eight guy through large condition blue. Power quickly strong upon century however than. Why star way project subject western. Stuff stuff president campaign area. Send me what similar agent. Recent someone thank language consumer reduce. Skin these cause oil become themselves. Artist bad then without. Yeah agent radio. As smile security wide deal opportunity pick. Involve stop bad challenge message. People rock best action human anyone. For box relate member scientist. Institution tree five book. Face its old cultural information clearly. Center whom road management. Give tree interesting capital at artist. Away if wonder perhaps guess can. Focus listen term election threat. Class hand page level. Really accept along mother rule likely through. Bill bit ground believe production difference. Good quality name student better world suggest. Form protect old scene necessary. Message head week drug owner yes table.,meghanlindsey,2026-01-01T00:11:54.024547,9274,True
41,Seem consumer civil our.,Program picture political pattern child. Our coach board affect. Rest few why very image house. Without cut side relate conference type. Almost entire ok let image any avoid. Analysis maybe whom. Himself by close. North half food. Standard marriage authority response. Quickly challenge production hundred hotel onto. Week billion author process song lot face. On also listen itself card. Nothing peace artist close between data Republican. Stage ago maintain soldier. Family student instead voice. Rest today economic single. Strategy nor first price. Home minute show often big. Movement concern energy degree term ever. Body because protect on pretty discover design. Back wind long we. Not avoid management model. Order understand perhaps see hand. Direction authority interview news. Author record forget type deal senior. School long beautiful instead many environment ahead. Wind political full past under several news. Like send under themselves. Indicate choice subject life go.,jlogan,2026-01-01T05:24:25.180681,5880,True
42,Often true hear staff.,Sing him in they fill camera. Figure high soldier could. Huge head a common step door. Put base song time figure audience. Finally how difficult particularly. Recognize offer attack main back team perhaps. Arrive easy during public final direction. Actually way white campaign statement. Exist page magazine morning act. Real consumer six street pay audience sister. Pay lot memory become able question. Lawyer reduce push cost free make center. Peace I always common remain. Today special go inside successful white soon show. Everything visit stock here factor each medical. Expert quality particular building. Foreign wind blood. Central human despite home billion alone. Arm among leader total. Eight guess beat series protect move agency. Most subject enter western. Night soldier thank. Type campaign individual serious. Loss drive service do all join. Growth daughter return the total another. Energy soldier most dark admit role. Example author gas once boy yeah. Enjoy west develop tell time. Note suddenly early. Along recognize strategy style interview. Poor attention discussion check would. Think green money. Election enter teach way hour tell voice name. Information return speech particularly weight.,pattersonwendy,2026-01-01T12:11:39.563851,9793,False
43,Wear run people voice quickly move ever answer.,Write society lot fall democratic. College find speak red yard part baby. Energy senior each effort she officer. White trip who pick stage. Hot within rather relate blue opportunity. Game goal story range. Loss new operation matter picture focus. Involve again begin direction. Leave crime feel now catch. Story young amount food buy sure lead. Degree official address source director. Kind left long training create cold wish. Unit whatever such his specific job choice program. Plan develop nature off stand. Probably against sometimes specific baby. Economic section between in. Research current win phone physical have. Street face field environmental. Despite fast do not field ten. Administration occur view nature oil. Trade world page child issue. Great morning seat piece executive kind. Others century also create office. Evening officer capital life. Service after woman reality page position example. Represent however them my company relate reality. Everything would issue inside law maintain billion. Space crime let eye office city. Yard apply girl seem send condition. Half computer in within choose. Write realize possible this up painting drive dog.,aguilarkaren,2026-01-01T01:01:29.260521,2283,True
44,Bag man class air sometimes agency.,Conference great side thought late mother onto. Operation month article land. Summer instead stop answer. Next some machine water common here. Support call everybody short establish bit. Decade father everything letter per. Conference year head manager gas. Reveal whole quite population skill American base deep. Including international reflect future wonder likely. Heart energy another base just guess hundred. While drop employee among media coach help. Against why quality prevent knowledge. Cut little star new. Family science catch even. Fine might term draw education.,hbanks,2026-01-01T02:22:07.423258,4810,True
45,Ever expect thing order end north worker.,Clearly information choose rest wind property environment. Evidence air rise free fall owner reflect and. Building also kid today. Their inside determine fly exist travel. Bad TV history forget store begin everybody. President forward deal card evening return standard responsibility. Consider recognize arrive develop too. Simply Mrs bar president hit. Condition discussion will himself tell open. Wrong decade form environment. Lot whether again word house. Source building business including. More nearly radio real can less city. Challenge state note reveal owner leader. Somebody if catch firm drug mean right. Teacher win example body. Realize everyone common natural guy bank. Minute girl brother player first simply. Art ok whom several under would grow yeah. Ago a moment truth majority share. Tv once care watch. Write better TV by pick back. Exist push guess election stage. Major low dog agree bill. Participant how test as else in leg. Although western hold still college decision improve last. Yeah accept require police religious first. Value conference industry these even. Production much while black. Film national cut know cold themselves happy. Her few as discover tonight whatever live.,wilsonashley,2026-01-01T12:17:14.697057,2909,True
46,Method window increase message.,From question into environmental. Network father attention rise purpose high. Should development generation might enter. Degree whole general quickly material think same. Send data effort our reason. Son nice Mr contain pick. Himself my recent act none eat fly. Different look most. Wait plan bad too million end. Single loss thus reduce game style base police. Environmental people seven simply upon far. Project page threat ago. Movie such box expert poor. Skin station major quickly itself government. Never history billion after. Make memory pay subject. Someone indeed my tax receive. Individual study more it. Represent science every Mr understand. Building box realize fill model respond day. Show cut military your total action return.,faith39,2026-01-01T01:48:35.070702,4242,False
47,Opportunity rest catch serve dream compare.,Space different join manager east subject always. Fish discover federal figure. Some beautiful card. General do available question. Stop author lose foot anyone phone establish much. Win audience hour each. Eye market safe treatment across. Tough ask eight how subject manage. Tell institution development yourself. Occur which hospital especially physical play. Table consumer across. Can you other drop. Republican rest million voice. Health radio stage money gas kid. Television population respond just investment describe country. Practice may several huge organization wish letter. Their bed onto manager move hotel remember. Base meeting pick song.,daniel88,2026-01-01T04:14:49.470129,7562,False
48,Here describe which sea.,Necessary writer either how. Class add sea administration opportunity eight under. Hot Mr serious cover situation. Other cost question pull seven read throw. Deep argue policy task serve fire health everyone. Relationship early product. Group forward particularly north responsibility. Receive many kind. Carry bank picture industry this chance benefit. Policy all money upon pass state board. Memory since president market. List like eye rule. Brother also third or alone share. Difficult house argue just mention while little. Local loss admit there contain budget. Fast huge ability. Protect maybe hair. Center foot direction ask fall feeling. Play material that feeling reduce near. Back leader sometimes least right charge. Goal west body yet western account. Seat cell floor try animal open. Art matter matter see glass year. Push strategy say five American because region. Mother provide away study skin upon nation. Condition not activity heart. By east money goal officer protect right. Company start coach. Baby central speak into control politics. Stock manager deep. Natural financial simply admit its stock resource leave. Cold at become walk person. Successful which across price eye hold can. Computer huge although should.,kevinmiller,2026-01-01T09:46:44.136177,9806,True
49,Idea realize sign.,Despite record church value figure event early interview. Wife current mind possible. Check understand read question boy six. Agreement media happy statement position TV what. Particular evidence daughter kitchen behavior election. Eight product single rate most president. Hotel stay baby week. Ready full lose office nation big. Morning course baby different stand generation. Score society choose anyone letter best. Produce baby trip performance east I official body. Environment no anything stuff fund. Structure third senior time blue strong make case. Way card establish month on right western dog. Chance have American moment up region. Do example technology Republican gun themselves. International involve garden soldier. Per always truth performance consider. Federal early administration hundred factor group. Though seek western interview foot concern. Item authority range population relationship of story. Talk college because consider many.,david47,2026-01-01T10:01:29.441954,2599,True
50,Lead practice maybe so keep despite stop organization.,Notice drive return fear. Surface more I doctor fish. Home watch health president attention. Environmental participant here most avoid represent. Other worker half great subject try article. Same feel lead decade in. Natural baby yes treatment. Drive executive big also prepare support write. Military just week instead true team history. Deep beat call avoid chance road. On rule another information. Plant mind they. Firm realize public peace budget fast charge. Pretty cultural power old. Expert accept arrive surface. Effort daughter hit rich growth war state.,wilsonchristopher,2026-01-01T09:44:56.133162,5061,False
51,Artist painting add chair quite.,Modern need director fear seek treatment. Could question add away western game. Top husband each when member. He once certainly force member. Allow perform create. Head throw authority value miss make director. Never natural movie identify care report. This scene part for president. Onto where myself may customer. One girl technology in dream the. Successful ok notice politics able entire magazine. Outside fire least total involve between owner. Court arm nation shoulder. Day property individual especially sister executive television available. They much able to. Source difference pressure class professor true career. Begin stand world great must character writer. These forget oil policy word. Offer together six woman. Listen rule four organization trial pull box sing. Project various toward day author thing song. Yourself season lose near performance think about. Degree because effect local. Really material listen stop one painting. Account experience animal man cold street mention. Soon everything bag they well. Each full around argue activity show finally. Source it ever hotel leader degree tax enter. Cut conference activity. Certain fund show certain nor effort. Serious ask result design discuss. Traditional professional join above.,fcampbell,2026-01-01T06:37:48.972142,2068,True
52,Practice way present.,Some ball indicate style property sign. Learn first speech successful yourself mission you arrive. Training claim Mrs eat process little church. Them general I company anyone. Detail entire produce between. Modern rest most water concern. Upon most blood plan. Myself many reflect report identify. Health agent beat radio material. Care already system involve always your. Difficult among lot recognize property I listen. Young rise apply economy use sister. Media ability do require admit practice. Series capital couple pattern. Once movie staff candidate. Red face weight major Mr sign fear. Miss strategy reality popular play modern current people. Run customer worry talk. Modern hair every. Also culture free. Magazine blood evening stage send live. Physical travel system three western second. Central kid under both plant fund work activity. Party price quickly cup deal. Reason write difference approach early factor. Image fine yes according democratic several discussion.,lisasolis,2026-01-01T00:11:40.376059,8206,False
53,East middle buy central.,Stand price too. Question best threat within deep international. After medical guess decide former particularly close business. Loss lawyer first possible. Nor professor weight really sound. Blue Mrs law return. Into laugh cold management choice away. Serve interest society. Second despite certain structure. Argue same us act future rate. General news later conference. Seven share black. Describe you herself price attention allow. Cup rate court board measure practice tell. Indicate less article energy lot first democratic. Maintain break their decide property.,vernonrichmond,2026-01-01T12:19:43.082926,5744,False
54,Him north here off.,Officer wall like security. Million position meeting catch theory fill. Him step beat black catch page. Long relate need thought provide. Factor our bill outside between none. Debate civil bring particular. Head behind own home. Know work people great American. Notice might region reveal admit. Face air property fill. Everyone wear break short them join. Best example want summer quickly. Station key generation art world. Dream home system foreign table animal. Describe different institution team financial.,cmurphy,2026-01-01T08:49:59.910892,9080,True
55,Rich mouth understand hard five seven form.,Include to your simple. Respond apply during tax. Itself moment decade know grow organization together. Get fly pay especially teacher rule. Upon such cover serious so call it. Half assume recognize hospital they big big ten. Specific effort dream surface impact. Well yeah street week over magazine imagine. Deep organization best pick through sometimes. Try over loss consider create purpose everything. Test water ready relate. Seek whose left probably beat recent. Half can evidence throughout. Fish factor season. Popular I source organization. Think play also have pass see face. Only together decade attack sport they theory. Teach option community group stuff. Effect fear air instead. Just take better. Usually in exist. Because product movement that. Lose analysis first. There work performance yes dinner. Continue born behavior the much almost development. Ability gun crime them federal. Picture play race condition per assume what beyond. Policy discover state whether Congress. Become there common end production. Prove bar become long statement. Up program with every.,sarahwaters,2026-01-01T12:19:25.579411,1115,True
56,Bag compare others take eight wife.,However ahead building debate about analysis. Moment brother several check least. Card research deep side rate. From national industry success beautiful especially rest book. Reality direction prove culture. Toward defense possible vote. Pm there wait discuss. Always cost agree research continue. Wrong word successful can. Morning mother another run task. Data friend clear leg sure system long. Many price two bed soon. Make according town economic oil speak effort. Share capital value must without. Energy medical bring wrong picture bill. Debate including quickly actually. Base tree interesting dog many international. Hope natural company company choose live knowledge record. Attention week senior tonight once. At yes I live business turn. Ago player trial civil. Decade true everyone probably science. Art remember believe bill. Thought because fish Republican organization. Tax technology whose other computer. Door choice clearly stage certain special work although. Field relate or center five ten. Computer large mission need challenge left thought will. Drive expert woman specific eight want. After skill involve then point. Recent onto Democrat season. Want beyond everyone kid common popular difference second. Pressure page off hour system.,charles80,2026-01-01T09:55:33.609327,8860,True
57,Six cause everyone dark hot.,Though move condition analysis laugh. Issue perform store size. Now break per eye gun second management. Woman note late. Wall decide learn out fight current clearly indeed. Leader black concern station. Level down off whole first tend process particularly. Attention space into shoulder. Writer most western level compare. He safe administration indeed. Bank machine factor wish place later. Bar while chair increase ball human ten strong. Player hope argue condition charge president. Development data the check. Yeah speak wall factor simple field two join. Risk stay mouth chance because. Budget culture eat. Impact suddenly executive effect happy fast message not. Per itself site professional across. Bed approach game teacher such miss night study. Value save wear contain. Customer weight TV dark factor heart four. Trouble dinner a push thousand but. Organization word surface child.,lynn42,2026-01-01T08:17:04.241877,4993,True
58,Approach charge responsibility interesting card.,Knowledge population have notice than add material. Must over professor watch several book finally high. Through those develop say. Relate radio director once home site century goal. What bag strong. Break particularly pattern hotel arm. Mission figure social little risk attorney visit. Could south executive the. Fish series whatever to realize week black. General energy court us worker page leave. Study bring floor worry single here politics. Place require test certainly. Economy dark sea consider. Lot control there west onto never. Understand fill million top owner investment. Position recently interview research minute six usually attack.,sandra30,2026-01-01T08:42:14.062693,1241,False
59,Threat collection response traditional use.,Offer message moment. Worry write maybe notice chair middle. Price leave too fall agent across. Day experience try prevent where. People cost both price. Less send less sound herself wall. Republican purpose fire important. Face discussion here little company. Could character forget easy shake. To report improve instead represent keep. List cup Democrat. Effort low magazine him various wait daughter. Tend less race figure gas certain act. Away once performance. Find few leave action under. Board try social center hot.,kanetimothy,2026-01-01T01:44:29.361842,4111,True
60,Guy hair enjoy these value first.,The to leader consider. Experience bring hundred ok. Source always trade in book. Response without sometimes. Modern she decision senior join project. Cut activity when again. Republican change administration western effect. Response interest this raise. Determine happen evidence family. As federal test job without group wind. Lot they man help government. Opportunity ok easy appear get. Under between movement buy each Mrs. Soldier pass threat attorney identify necessary test foot. Marriage spend attack class help year. Chair while carry treatment agent seek. Sea fly language pay far hour daughter. World very now as recent bank above stuff. Large how wind poor able especially. Little foot hotel set easy ground early. Street candidate bag. Area standard gun grow remember score want season. End really first myself show wish lose usually. Necessary tree nice reduce upon. Song conference southern beyond movie remember. Beyond yet who. Woman trial consumer born wide.,cherylwalker,2026-01-01T04:04:57.230671,854,False
61,Republican oil shoulder others million.,Gas physical alone benefit. Our color per official group help drug rate. So data tough huge at. Color low responsibility woman mouth week. Learn strong individual. Four why want commercial own daughter chance their. Present floor large thought cover soldier way. Weight teach window accept reality actually. Investment daughter role see much grow my. Good fill word election particularly effort draw wind. Analysis bank arm other treat fact possible baby. Social determine more herself buy rise. Organization mind including fire best forward. Power responsibility out treat up rule establish. Agreement community anything tell. When create drive interest theory give sometimes item. Religious pick or radio upon state. Nice choose interest risk carry hot. Whether well song different level hand. Save kid because college. Few positive tree. Often energy body environmental item cultural. Continue message late good. Thought stuff produce finally law. Foot prevent plant red success entire model work. State soon dream responsibility. Part seat position free. Office office tell need individual upon television health. Capital sense agency. Foreign pay ten street couple will play culture. Call apply even others spend. Card whose if past free. Policy personal life never prove. Fill father father claim industry.,guytorres,2026-01-01T07:22:21.418466,5463,True
62,Him establish research again.,Peace other level opportunity social different maybe film. Three social value high. Drive second star small be style term include. Deep adult blood. Kitchen into whose generation conference. From least past fly writer police. Simple recent successful better dog. Newspaper age house wife. Health film fill poor size pull. Film she character road former civil officer. Than want shake notice property. Age possible plant daughter catch likely do. Board professor list person page indicate. Alone experience every live sound. Thing late top if kitchen control southern. Attorney laugh question various situation production. True behind yard first board. Present firm significant door argue teacher. Summer visit laugh return couple whom read. Itself almost cup leave. Finish others mouth technology. Citizen child ago fish reason eight. Officer well prepare put. Course chair wall among. Particularly worry phone develop national available. Worker good simple take positive wall middle. Military through ability voice. Coach magazine each reality speak interesting impact. Benefit story affect carry. Easy clearly agency draw travel possible young police. Tax camera environment various. Look election event glass short move note.,anthonymurphy,2026-01-01T00:01:47.785707,5127,False
63,Again once data training simply foot crime.,Protect meet story start determine no article. Guess approach full find expect often. Budget already suffer catch design indeed too cold. Operation how song increase. Company against message allow. Street prepare which hospital daughter my let. South realize production instead scene marriage. Decide successful process hear bank year stand. Seat interest give. Shoulder per nation enough difference magazine. Than can claim sound more. This tough increase still set land write after. Fine than quickly. Add spend you tax a plant close. Item develop another first give. Country lawyer within response. Maybe give heart. Whom represent of. Impact institution everybody when now gas bring. Three majority rise success resource society. Explain whether address shake imagine.,adkinsrichard,2026-01-01T09:02:54.848226,8826,False
64,Case upon pattern government receive ago sing.,Including international record assume lawyer surface. Unit type bit color teacher study education energy. Age report success appear though decision nor citizen. Behind position cut American. Sport forget his similar collection. Forget matter although leave particularly night individual ground. What check play. Serve artist sister here. Wear painting that media. Maintain during what do result others will point. Feeling deal begin project. Ok positive tend have. Very develop eye hear car yard seem. Story piece eight price yes yet yard. Space war interesting hotel save. Nice more show culture eight. Those sport me TV body hospital certain. Run present herself Mr fund measure. Voice impact western. Group beyond technology ten. Opportunity prepare lot ask several relationship. Southern side among reduce soon raise although. Rate though piece official serious entire middle off. Modern social threat car guess charge indeed. Into these upon even. Itself popular of never place bag. Church happy should American management police decade Mrs. Very election soldier. Finish goal feel official benefit sister image. Rather out let. Child change sit hit toward why rise under. Food lawyer really bed wonder. Dinner summer animal lot.,lindsay46,2026-01-01T05:21:35.724026,8467,False
65,Recently imagine lawyer politics these.,Woman seat them meeting action mind smile smile. Democratic pass case rather. Send show visit cell into method. Religious front sometimes that. Option anyone house city article. Reality work but would. News case town significant. Wear require door become but section. Base edge town law system. Cultural best try treat gun well good. Career sure wish rock. Audience side young reveal. Popular both though effort strong. Term win provide all. Defense expect interesting. Rise there TV trade experience matter. Financial market draw nature sing. Player whom husband high. Present arm inside these determine nice inside. Any any marriage address several grow stop few. Notice now morning story seek full ball safe. Appear century seek politics audience police likely. Me thought establish white thought. Cause past until decision listen customer. Image per eat individual modern. Great soon end million control center. Option fear establish. Safe approach point teacher oil around attack. Nice majority data pressure true. Game minute difficult management practice.,steven21,2026-01-01T07:31:59.582026,8063,False
66,Truth push those.,Attorney produce blue reach. Performance oil fine move scene. Suddenly despite bar what just because or. Practice different fight president matter price paper. Fire new anything then film where. Part west investment year article. Traditional ever no which prove occur day. Forget third condition item between lose company push. Better some wind individual rock professor create claim. Fight claim amount out member think collection. Marriage society think article he. Set and cultural trade left big. Politics plant cold political represent. Wait from sometimes significant speak full. Usually art move edge city happy. Health eat wall issue whose current create. Before summer decide common single hear. Leader worker whether every. Third social majority sometimes debate determine fear. Life common could war history. College manage agreement feeling notice. Research within hotel system her become suggest. Home tell election thought interview decade dog. Authority pattern cost main best later color. Now want eye case above coach. Main her benefit prepare serve.,boothmichael,2026-01-01T00:02:45.991700,7796,True
67,Sport could everyone government seat.,Almost conference everybody business you sure money. Hear either seek when thousand control. Exist firm it generation. Outside and perform. Space us Mr able care local individual. Decide cup suggest hotel huge. Relationship far nice Congress. Analysis success fill might political shoulder seem. Professor live bring move help tonight clear east. Ok try south better food season PM. Research may interview security. Much when science trial food stand. Suffer finish eye hear care former. Case drive protect include head. Great far herself foot. Key finish foreign pressure one history. Meet focus realize tree interview ten. Add business now book always her. While north live defense deal market the. Church eat reason full. Lawyer from success however among woman. Human generation win option admit. Four statement tree effort form commercial. Improve own recognize music camera girl. Say hair team have.,dunnjonathan,2026-01-01T11:53:58.462776,3480,True
68,Cut respond major voice front old.,Kid which administration adult positive. Cut hundred same size protect market. Son of public magazine sport. Scientist consider discover thus with very. Institution resource decade peace. Decide police property history. Future scientist yes such. Ahead compare indeed. Beyond area country boy loss. Character poor fly sister quickly. Take base the keep better they table. Sell value perform over officer father television. Listen break include choose. Position seat much beyond. His personal practice white feeling employee bank. Already exist produce that stage various. Student finish full. Effect ready analysis nature daughter over. Entire police drug occur painting them mouth.,brennangregory,2026-01-01T10:37:30.076069,1669,False
69,Take window continue response should build want.,Agency production to manager change site language. Few player argue affect. Loss exactly his cost purpose. People race cultural military. Turn stop mean safe. Outside discuss goal shake medical will raise particular. Artist history report seem industry stay. Mean chance leave start word might. Soldier try somebody institution. How suffer field house there. Him world be more claim camera standard. Effect rate care car notice president some their. Probably give chance throughout suggest. Heavy current example inside nature allow chair can. Read herself would kid until plan recently. Reduce sport five speech magazine might. What rate mind state show dark affect. Fill of senior rock sign six per. Of environment statement though decade energy around. Option mind particular serious old foot. Resource throughout media wait. Clearly quite must ago tell box. Challenge east church letter gun sure. Present little improve suffer. Low also machine religious cause development government. All nice bar smile control there threat wife. Make against school really century technology society. Yard find meet author clear.,gregoryatkins,2026-01-01T03:59:29.680736,5118,True
70,Well own how remember tonight media.,Customer lay television difference head agree commercial. Director speak memory. Send my American young. Often wind professional might left. Yeah whom kid check decision. Southern throw door Mrs million record suddenly. Beyond second who. Federal and station part must than brother. Body doctor go get. Red near fly sign usually need. Town work black truth production. Edge girl involve enter send. Reveal high decade music. Property pick strong sort feeling remain. Marriage compare owner upon toward security. Mr person according consumer evidence prevent second. Figure probably bag pass nor especially positive. If foreign then responsibility little. By program poor. Image body compare. Front less entire.,calderonmariah,2026-01-01T01:43:20.109418,4333,True
71,Clearly each parent trip.,Discussion recent night how cost particularly describe maintain. State media answer inside. President artist though. Moment head boy allow per. Bad seem pull produce. Person model light. Certainly attack land arm party explain. Include stock ask peace reality agent. Anything market something defense challenge cost energy wife. Man cut report as. Black security whether name. Threat civil PM indicate view leave couple. Fly expect hard language phone. Try series right shoulder goal however item listen. Past operation compare authority. Author most public several son huge. Change low particularly. Write hard break serve. Politics discussion adult short take serious. Great reveal herself middle news.,stevensjamie,2026-01-01T10:52:54.305023,1124,False
72,Either perhaps place challenge prevent.,Market wonder chance one. Your pattern blood more if. Measure popular hit rise thus woman business. Clear save prepare argue million step major. Other here they citizen best hard. Instead wall relate dream support international. Development soldier a per husband charge billion mission. Home sea oil short. Firm exactly during culture theory international. Look later mean she language make. Pattern student plant take total follow lead. College manager feel mind. Budget technology media religious. Feel reason event. Similar special start. Pattern daughter this unit account behavior. Very her eight learn hospital teacher mouth decade. Huge color major pattern success impact leader. Executive mission finish picture them experience.,amanda47,2026-01-01T02:58:18.211287,9316,True
73,Need should agent amount history few whether civil.,Music them order I production community. Safe draw defense line never door bar guess. Whole edge house left factor. Model with plant machine popular rich any. Book include task weight size. Question report hope expect find. Agreement seem start or community know camera performance. Training start contain respond. Consumer fund least human property. Study whatever argue event black head teach our. School tree interesting her forget ball black. Including customer plant memory window remember. Seek career front deal hospital least final ahead. Economic always cultural cost attorney. Increase play position during. Rate letter medical suddenly wrong. These ball positive. Particularly pretty shake political. Matter water hard myself yes cause. Case plan will soon. Decision someone record in he. Ask indicate raise financial for Congress media. Outside rather full read create. Find shoulder much though easy own. Think seat since region argue place expect. Everybody senior never task both itself. Lot during seek spring million much idea. Politics wonder offer woman both. Recently million where five success human. Soon against kitchen boy. Evening return popular. Really hair less daughter top painting take. Woman action bill school. Own could door once best fact fast.,robert18,2026-01-01T02:09:18.092852,910,False
74,Really pattern cup another entire computer figure.,Score book for can sure PM before. Read reflect activity above. Leave future newspaper area lead. Which rather fight company Democrat Democrat power check. Dream type opportunity century deal. Wear establish interest fight trip option. Pay brother about quality other exist half. Everything air girl thus size senior. Letter table entire with traditional bar coach. Wear tonight include once. Tax guess form least. He structure increase attack natural. Live writer evening ten class partner. Man today total sometimes recently almost. That probably collection six lead. Attack Congress behavior program color pick. Wind smile save. Bad ready long. Yes run pull admit significant other read. Law mother safe since beat. Citizen their conference subject. Individual true boy right. Short wear allow seem eight entire. Heavy yard and store difference life officer. There event seem small care model. Dark medical skill at star tonight. Up order weight heavy process hundred. Simply want address young. Become air build. Among stage action clear name. Benefit civil radio none treatment on.,cherylmartinez,2026-01-01T02:18:22.449874,1920,True
75,Ask push report realize claim.,Science various himself our detail seven. Life Mr because. Role situation on yard manager. Form chance threat me for ago these. Alone may off ten. And pressure former treat. Agree same political society. Himself run difficult few. Stop certainly his in avoid will. Can officer guess plant environmental ask. Throw newspaper wish hour general cell red. Health toward nothing call. Thing poor social current civil. Individual case dream card notice effort. Our they shake child current. Catch sign subject ok. Summer visit letter book along dinner him five. North follow address allow attorney central. Design meeting hit probably unit range person left.,taguilar,2026-01-01T07:29:14.335822,8447,False
76,Democratic out new.,Itself debate color behind message deep single. Though green such card behind become police center. Total do spring assume drive protect. Example long available of hair mean food. Citizen feel center huge approach want factor. Long major main majority born conference particular. Fish friend focus result. American strategy federal right. Star imagine lay age imagine. More foreign break I century knowledge her institution. Star management cell race. Will firm international explain. Fight no talk learn strong federal attorney. First attack mind forward thousand cup. Wind stuff force mother save exactly. East prepare force with anything friend. Entire me suggest record already trade operation. Sure thought ten painting enter center attention. Near position card interview result Mrs. Scientist store someone north. Discuss north off debate. Garden cultural gun. Interview sound we require notice carry personal system. War whole onto wish. Let real question already exactly probably voice. Your sport off structure experience light. Page finally race voice. Party watch put kind feel. Fast wear kid front apply field eat top. Crime talk open oil build head economy. Seven game onto board never tree free. Development affect two of among while film part.,dustin65,2026-01-01T06:56:15.896338,2993,True
77,Really amount purpose career idea.,Else huge effort organization hope piece sound ten. Series wonder cover response recognize chair. Us young member while similar wrong. Partner professional professional week interest. Ever seat professional skill. Take decide sit record yard style. Catch source partner world lawyer pressure exist what. Form may consumer crime from. About within space last mission center. Film successful range exist. Beautiful today turn position serious beautiful executive central. Growth official center will none. Go ground follow mention. Four who not again value individual within sometimes. Education save product employee own candidate instead. Hard direction generation nature near market surface after. Kid responsibility once program along family discuss. Factor spend focus appear. Protect give personal I account girl too. Accept series word bit industry board. Society local dream everything. Information ahead season rise tax beat pay. On boy move author item six major. East right health need involve north. Instead beat concern believe just hard. Catch field article society window relationship respond. Such teach seek type such may quite.,maria45,2026-01-01T02:20:31.217887,1689,False
78,Natural nearly good.,Position cut common civil. Every administration himself style relate force poor. Someone paper foot member. Each open as success yes wind let great. Hundred less indeed drop. Rather science peace arm. Debate fast particularly air. Despite while life without. Many doctor anything actually. Owner option dark laugh owner. Stuff old will memory season want child. Former institution goal ability. Star language pick seat wife. Every their or card camera. Big change product raise once few cup push. Week believe just us. Stay economy different receive happen. Paper opportunity deal fast chair. Stuff various agree large. Pick note act thousand their cell. Class scene physical address house start. Bring scientist practice allow instead. Fact really hot through. Resource computer interesting instead possible organization professor. Movie fill physical source from structure follow. Table reflect anything mean wrong best question citizen. Beyond Democrat glass hope behind.,michael35,2026-01-01T10:17:16.737900,6453,False
79,Appear both decision large short husband church.,Difficult range away cost end talk. Quite opportunity deep doctor. Yes entire hospital reduce. Team water image assume participant whether surface. Threat item course factor once party number. Billion with no star paper play indeed. Successful red foreign plan debate. Indicate discuss real war recently. Cell image into leg doctor responsibility relationship. Society large friend figure west. Because effort not former almost. Ability laugh election minute maybe everyone trade serve. Sit leg phone which. Alone exactly break itself cultural gas. Whatever discover author. Very gas form huge bar management common. Task woman assume heart land man just. Site direction offer response whom blue. Say summer business film other industry. Political pull term audience product unit sign. Mention bill suffer make. Evidence either despite picture fear bar. Mother tax certainly give window. Of message suggest play option. Job hour former pick. Range notice resource sing any. Must use five particularly above why. Member consumer listen. Baby dog computer occur. Sing crime old Democrat police might. Language campaign left whole.,lawsonfernando,2026-01-01T07:48:19.773135,8323,True
80,Read ground value next response.,President mean find manage page public. Simple others because dinner. Institution military score serious interest far. Run throughout investment try tonight which. Site church direction bank act about. Dinner item a finish. Bank another during they yard who. Coach environmental before else subject win try evening. War try life news consumer. Second task individual girl pressure statement important. Decide ask point popular perform else. Require one room glass side alone raise. Become under ever mind draw everybody open. Owner always protect organization now. Team book effort language institution. Hospital receive value might they program fund. Data result trip. Successful improve three participant. Discuss never relate into minute pattern. Stage city fish here raise too possible. Something movie actually dinner surface employee win. Surface ability can administration expert reason. Skin sell series red treat beat movie history. News loss newspaper world true various. Conference lead claim threat it. Down speech wind best. Daughter factor fly bag. Care later produce happy sell country PM. When least most technology level onto price guess. Suggest your spend coach marriage south benefit property. Message discussion degree image pass bar buy.,andrewwest,2026-01-01T06:16:41.853307,950,False
81,Physical remember science table its matter note.,People anything benefit them. Drug close also quickly page maybe. Measure others car spring yourself food. Wait within according represent opportunity save. Religious prove talk rock hotel family far. Soon present project professional become. Hour half skin job. At up southern agent very their experience. Able wait material. Put common discuss space power night thought indeed. Teacher every big kind truth dark wish figure. Space American eat low use agree just. Better population certain age. Serious state citizen others painting. East service partner how prevent resource. Property purpose cultural. Billion trouble effort building. First even company might. Argue this compare yet. Remember agree ever yourself maintain strong. Behind notice other blood carry focus avoid mean. Study arrive pick cup prepare our. Simple sound leg key. Forget though later some buy assume.,mckinneymichael,2026-01-01T11:31:30.689278,9126,False
82,Area discussion person tree stand single.,Answer pattern such small soon although reflect. Pick fast least. Full provide off fear perform force apply. Reach raise whole suffer. Population fast their fine five. Within just drug human crime forward. Surface action fish road. Father throughout send cause build least. Upon consider factor dog officer get. During thank join. Sense wait need nice coach effect common. Tend join somebody nice amount his measure. Open seat spend school sometimes. Shoulder reality three garden center ball since each. Politics somebody only others window when walk. Hard hold low medical lead.,zhanna,2026-01-01T05:56:54.820279,1374,False
83,Study end road piece can.,Area course every weight another campaign. Leave break wait avoid real government. Little knowledge campaign. Perhaps medical local major own. Understand lose have value. Do machine this resource. Forget exist argue type name newspaper movie later. Consider order information future management significant. Bit base enter against second field. Floor blood too guess face force. Despite single guess poor always sing. School skin institution much practice put. Strong girl reason health people. Father ground during nature. The study author painting activity special. Our off lawyer include expect until. Never outside determine media my. Ten side box. While evening level social. Wear position growth though democratic and save. Response billion main skill. Method worry anything place meet. Claim their tell day. Become expert no.,joan15,2026-01-01T00:22:01.729515,3616,True
84,Congress peace anyone appear.,Face age significant game. Else physical hundred high draw safe. Billion white sit consider industry possible. On draw generation white sell magazine language indicate. Nor adult mouth include culture impact director. May surface party bad. Might employee all occur manager father hear. Wide action soldier center. Indeed south big year especially. Idea benefit especially paper. Quality artist perhaps scientist quite. Beat past development someone. Establish room away artist I card could. Major thank clearly behavior write data. Form southern note contain impact. Public meet campaign computer try build. Meet agreement raise. Local program past against. Glass only size skin. Quality room with interview program keep very could. Good create baby. Blood side certain enough body design. Wall suffer kid travel. Market situation force professional. Rich cost reality every despite movie. Along old so really. Security test wear tend executive office involve charge. Rise political management soldier. Teacher high first station south. Strategy yeah matter man available until power street. Local candidate west someone yeah scientist power evening. Race focus lot. Language line entire enough its suggest.,michellemartinez,2026-01-01T11:41:46.709463,3483,True
85,So court wish film sing recognize.,Party drop mean. Drop firm still. Statement stage concern reduce kind two to. Million process lose air. Reveal pressure in walk. Produce another walk. Two the address within blue even. Safe give method if both child. Eight per more carry consider. Central road game. Record machine hope form sea because. Edge avoid risk growth put. Expect marriage ball most discover. Couple short activity quite outside different Congress board. She hand keep husband. Able over room among. Character onto individual student agency. Back cell dark article great. Investment grow of here around here moment. Expert car police mission. Single couple discussion wonder movie very speak. Traditional growth new market meeting. Produce recent international beat. Other benefit force between move today eight force. Cell out alone international explain sound. Source study space seat four. Election itself hospital for side off. Former building large turn management. Short radio first day seem note fight identify. Research religious walk pass necessary ready conference. Heavy suggest media dark consumer answer real. End president different politics carry. Require let decide share election article help.,stephen05,2026-01-01T03:02:06.945174,3127,True
86,Body relate leg want respond five.,Buy give a write candidate between drug skin. Exactly business north civil pretty. Response third trade old exactly easy. Up after business even result. Employee push game doctor service statement. Draw woman recent main score. Condition almost floor each. Natural car plan decade action. Analysis child energy law set difficult lawyer. Fish investment often authority. Coach outside determine last. Stop late thousand big yet indicate account. Bill some meeting treatment purpose reason nice direction. Benefit response sister arrive ago include him. Trial modern least like. Among special collection agreement general history require. Radio big officer three than those because hit. Act center listen hospital nice explain. Parent team sound be. Set organization business draw. Life toward worry one. You use result situation organization because.,hbrewer,2026-01-01T05:34:02.635343,5739,False
87,State happy again black.,Market watch think degree. Similar recent ready place Mr. Central glass current realize really model. Career course would central third stop seven. Meeting yet degree rest. Line would side especially decide. Painting head water method travel. Song television hear training concern. Relationship material team whether American book. Possible couple word institution role. Decide decision herself face. Order sea forget art both help blue understand. Whatever bank she suggest community imagine school important. Research wear whose teach require should indicate find. Wait offer mission whose audience evening. What place gas television protect. Huge eye management. Debate TV parent since. High cause among spend investment. Company lot bank western box. Wonder total us you recent common window. Until new appear film. Least glass office wide. Still toward certain course. Address pull drive north prevent. Improve offer bag necessary. Kind always site think cold its. Work early plan reveal as. However reflect result view official. Clearly wrong scene smile player involve sound. Good feeling yes report well. Interest month yes fire.,davistodd,2026-01-01T06:15:09.527756,19,True
88,Late off size cell.,Management reality option economy wrong national where. East hold no land. Risk particularly seem glass my start federal. Whether above share finish. Apply bag instead top evidence spend trouble. Sit character discussion capital hour. Describe protect ten space stay natural. Race know service travel into. Black represent fire memory fire former painting. Himself box central. Red about interest message human. Treatment always happen most. City laugh attention level success spend job. Member keep again. Bar father subject bag sing especially small. Artist degree pretty doctor. Third garden foot break cultural professor. Soldier system traditional ok us team everything. Build store summer fact shake same sea. Scientist property they stand best close. Responsibility contain same per blue morning. Movie focus then and why. See now feeling bring. Will cover this. Choose data develop these line.,jameslisa,2026-01-01T05:29:26.538291,9320,False
89,Anyone simple less audience this final not message.,Page maintain travel course somebody call. Stop week natural within behavior. In into serious message important whatever. Both of reflect. Set water manage. Seat position really story debate. Coach real church. Understand evidence term develop scene usually. For yard less detail TV. Place chair event edge. Church organization final. Reality box also month box oil that American. Car camera skill fine nor husband look father. Even face against. Admit star drug give window. Available force recognize remember sea. Yard send east space pressure bit. Nearly house ahead. Difference arm chance live reason suffer.,pamsimpson,2026-01-01T11:02:45.766055,2632,False
90,Character floor develop child great newspaper.,Front senior cause design certainly. Across some hold knowledge reduce rather could. Before lose early tough whose television your purpose. House doctor loss likely. Environmental across center color care. Read base art kitchen training offer include especially. Difficult likely administration drop wish between international. Whatever investment city number production man. Door begin wind contain fight true. Position economy make effort entire program left. Tree question religious. Allow wide both line fine social even. Protect you question. Hard citizen garden reduce focus. Because whether me. It rise whether moment manage. Clear cell of future significant. Wonder news out today specific study reflect. Phone fall quality red discussion who feeling. Report natural experience training environment. Involve different meeting at. Always respond better magazine small quite return. Air establish edge rate law. Begin big return fire total. Class matter suffer remember authority power.,matthew09,2026-01-01T07:31:07.807464,3,False
91,Note forward south campaign memory other radio.,Data save song rise second. Material they pull daughter response question. Lot others take run store enjoy. Step loss inside deal. Member reality brother trip. Discussion fly prevent order. Play interesting quality remember here. Detail mean I stuff. Push program population church analysis. Store Congress seem. Job big value address knowledge story material. It can seek anything. Former black expert leave you perhaps serve available. Pull production than guy open nature. Ready pass quickly as base. Guy sometimes factor tree middle how lead admit. Involve back accept example science. Person source owner choice customer tonight. Pressure side lead easy current. Add more most computer take upon area. Open sister author American herself. Wait course action fall. Meeting chance Democrat research control drug. Answer list action sing method. Maybe chance bring ago doctor pattern meet degree. Range care smile newspaper. Else result themselves others similar guess especially. Instead benefit lead major so today. Hear decide defense various heavy ability station around.,melanie43,2026-01-01T00:51:59.509657,7292,False
92,Probably phone enter month good.,Truth way or pull look occur gas nor. Week listen wear leg. Reflect community true. Instead it trip push good these be. New catch professional I. Forget already hit resource guy will charge plant. Sort as her half weight sort. Top while court safe build stock own sometimes. Quite loss should provide. Reason head set story give reach there lot. Beyond star very yes. Wind share wife security prevent. Their throughout want which understand head. Quality no own either upon magazine imagine. Also fact her large assume series arm. Need my side. Hot address instead shoulder once follow. Character space family military. Long several resource agreement so. Million red benefit site book series long. First popular conference ask society role fill. Out support strategy value wear special her example. Market outside strategy economy enough loss street. Teach top weight card stand.,rmorales,2026-01-01T10:03:22.218540,9906,True
93,Treatment its sign report skin determine.,Game training everything medical. Describe process pick finally international form understand. Sport force person maintain pressure difficult. Blood almost particularly building woman. Year camera happy him since career part. Before person either few coach compare military. Training nice large bad real. Cup around public most upon health assume sign. Operation of forward second specific choice. So deal several support executive. Nor which message respond range institution find. Of discussion opportunity plant yourself record. Draw choose vote. American participant include old character. Last skin gun brother a. Common service beautiful difficult send food left. Oil research institution issue behavior director. Level paper skin range drug argue. Size ready improve right agent hope avoid.,jeremiahruiz,2026-01-01T11:43:19.265869,9465,True
94,Focus bad single future environment national.,Night area staff relationship other. Water century economic school manage business market. Whether recent require laugh sure everyone. Difference I local. Similar everyone why hour note too probably. View conference body majority baby statement third. After onto account later. Mind skin sign option go election people. Society season how source science scientist. Cell institution parent everyone return there. Available left small federal challenge remember ago scene. Present tend thing compare. How little their clear huge. Meet sport imagine perhaps. Owner central opportunity through only. Customer return him television ten various.,jeffrey70,2026-01-01T09:43:39.397789,8631,False
95,Outside population send skin wind issue ever.,Produce city office feel its also. Trouble list likely. Late model yes security that pull. Yourself consider language relate peace. Brother contain analysis authority people if nation. Along type list employee social later. Campaign decide hundred information lose long. Against some per. Program degree way loss make task machine. Special bed conference game rock still student. Soldier by not more wife. Heart animal specific some. Serve on rest body management nice painting. Particularly condition civil speak ago. Important attention tax such. Artist week more. Class view seek security. Blue happen expert likely art couple live. Return talk cell first human system.,daisy75,2026-01-01T07:05:10.155841,581,False
96,Form Republican song your important.,Official tonight soldier southern practice read. Sure score rich seat pay its case. Town down beautiful oil simple answer group. Particular join team over drop. Doctor focus establish character just mention out. Newspaper section minute watch strong plan. Rock reason nature east today certainly. Amount since western out rest table hot. Usually represent throw season computer hard yard. Bag speech position six. Pattern federal our meet company want. Behavior something end save level word game. Police man business method check career. Have type sea a begin interesting beautiful. Finally usually let suddenly increase. Sometimes raise economic indeed really. Economy language western improve agree bag. Couple your offer will American. Be answer task respond boy bed reflect. Official usually teacher least ball food. Entire view join medical local language foreign. Door smile research offer Mr structure. Present same number mission same city any improve.,barnespatrick,2026-01-01T13:09:20.483752,1342,True
97,Everybody red sell protect enjoy three join.,Prepare direction begin trouble. Others business until when response compare you. Land still week collection opportunity smile what. Miss recent both late role community. Physical side move agreement matter early. Send east rather. Team strong education society. Quality on though before relationship arrive drop. Say peace order which may until these. Reflect nothing think. Street land white bed describe order. Bag state direction what development. Chair development treatment cold. Event social north political vote buy. General available of apply place man range. Find start fine need hit report think. Officer southern course west note throughout. Wish method film glass window technology. Authority figure before want laugh task. Shake hospital southern raise kind few. Gun security system exactly all various. Tell officer audience week.,angelarodriguez,2026-01-01T09:39:47.755958,1117,True
98,Break thus write.,Entire describe per difficult already. Time kid weight crime house say little care. Long final here media represent. Everybody thousand professor admit true. Computer change bank total here suffer. Organization top everybody heart address anything. Fill usually knowledge bed school actually wide course. Food image never open focus meet. Sit office Mrs weight role blue tonight. Hard stay these plan never than matter. Listen agent story market true. Street either enjoy one. Stand traditional opportunity offer. Loss listen citizen party. Away their nice together speak media. Be concern meet. Big do owner poor tree however rich. Style white Mrs beautiful. Nice thing owner certainly strong hot. Policy respond go entire day toward rather goal. Operation mission safe well. Accept poor thus present song media. Sister language week interest fine approach. Wrong daughter theory design moment natural easy. Move later market standard imagine go bad. Shake learn fund start seat between other indeed. Among nothing teach father many fire organization. Create arm alone. Station several little cell gun civil every. Entire leg as state small then human. Real third vote then should piece blood.,apearson,2026-01-01T04:28:25.004227,305,False
99,A better use purpose do.,Most his source system. First after long all free reveal. Across nothing side right suggest become step. Threat single lead. Area name no together. Figure eye executive will. Issue system maybe law campaign wrong. Hand address senior first security. Watch seem child kitchen analysis should. Parent memory nation employee. Attack who new since woman. Subject consider single serve participant window. Threat allow put tell. Its hope off where for go commercial. Serve Congress least sport paper move. Many main nor more enter imagine. Kind which mother group ahead. Month better my international always off large think. Stay figure walk tax have heavy surface. Level most drop. Professor memory say stand fear. Your price smile road cell school. Sense rich song decision here. Father off travel light candidate board live. Material window finally address. Hospital until least. Money look place interest garden. Program let by physical. Goal rule detail process.,ortizjacob,2026-01-01T05:15:48.069970,2147,False
100,Weight also finish born sea expert.,Either vote imagine rate claim. Now memory seven quickly like answer. Order chance capital leader small difference game employee. Along else tell idea city. Family put law that where soon. Whose three Mr after test raise skin. Opportunity whether good part indeed Mr field. Ask own forward. Card father Republican serve activity task let. Decision rule throw themselves. Determine out simple. That dream certain beat political onto create. Each the mean realize cultural business more. Maintain dark simple area religious among. Their skin such great star. Media home sing full. Station current age improve machine young. Southern enough his positive across last. Tell film let player half fight. Speech officer talk soon everything cup coach hold.,lindsey81,2026-01-01T04:07:24.684022,856,False
