username,password,email,name
brett97,$ms+44Wn&6,nunezjared@example.com,Terri Stewart
mannkristen,&VBWLly(X1,ejackson@example.net,Jason Evans
richardwilson,^s7Uh4*q)),bradley78@example.org,Cassandra Fisher
dawnhart,vm4tAAdXg),ljones@example.com,Tamara Hill
betty04,(0VGkkjs7E,harrisjames@example.com,Tiffany Horn
daniel14,f^f%v9Eysj,wmiller@example.org,Bernard Rice
xgill,^@p5Afg9r#,hdonaldson@example.com,Peter Smith
jeffrey26,n^$0MSlqaN,ohenry@example.org,Amy Irwin
walterstanya,CikS7EQt^c,daniel26@example.com,Sarah Morris
jthompson,10UTpk5h#z,ptownsend@example.com,Rebecca Walton
janet58,E)a5iToiGc,mhernandez@example.org,Jennifer Golden
whill,nAVVY9Ea%7,aking@example.org,Michael Ramirez
opalmer,ZrqTStT0)7,lewismisty@example.com,Derek Howard
imyers,x7UH(#vT+k,darmstrong@example.net,Daniel Hansen
sarahnichols,i(7(Lyd_!N,rhernandez@example.com,Jenna Miller
kharris,&&OAcK)Y1^,camposricky@example.com,Linda Wright
mary98,3by_8RLCf_,adam36@example.com,Ashley Barajas
fullerjoseph,j%Uf67Eu@J,stewartthomas@example.com,Brett Phillips
cynthia16,fZ9UskTwJ@,gallaghermorgan@example.com,Denise Hooper
tracy92,xzJ3XJp$P(,garysantiago@example.net,Christopher Swanson
dannydavis,@7bIaSj+0m,jonathan24@example.net,Kenneth Stevens
armstronglisa,__NFhnO!56,sarahtaylor@example.com,Janice Sosa
dsellers,*EA_WyXo5r,kwhite@example.org,Matthew Walker
brittanyyoung,at7Q5fd_D!,andrew19@example.org,David Powers
jessicafriedman,P2NEiL1a#m,maryharris@example.org,Robin Brown
josephlong,P#y3nCGeI1,sheriwarren@example.org,Derek Walker
rsteele,Pw9zIpjM^7,corey28@example.com,Lisa Cohen
joe46,(az0SQb3iD,carterjeremy@example.com,Tracy Nelson
fmoore,+cJ7Qx45vp,ykemp@example.net,Ronald Woodard
tranbryan,)6NOwpMLut,wgibbs@example.net,Joshua Smith
crystalgarcia,^KRkTh6b4x,kristenneal@example.net,Samantha Wright
charlesgonzalez,J%5CUljaJU,jose99@example.com,Briana Vincent
bailey47,+0D*XXRo(d,hortonalexandria@example.com,Michael Holmes
ujohnson,5*0N&gFvxa,qwebster@example.org,Lauren Smith
jennifer49,d1d9@Wcv(!,ryan95@example.com,Ernest Harrell
xharris,(tO2^Ynyaf,heatherwright@example.net,James Tate
carrie08,d8am9F0e&J,barbaraliu@example.com,Sherry Jackson
billyrose,#YPPLKfn$3,qmcguire@example.net,Jasmine Williams
tanyadavis,%8Twn1j^t6,loriclark@example.net,Corey Grant
colleen00,9SCE@lNn(Q,robinortiz@example.org,Tiffany Trujillo
davidlarsen,3OD1En&+b%,martinezdaniel@example.org,Joseph Torres
rogersdennis,FciHd*Au^0,mcclaincaitlin@example.net,Preston Ruiz
gscott,_GC8To8c1C,jennifergonzalez@example.org,Carla Tanner
sballard,)AMkl8JGX4,chadlewis@example.com,Andre Russell
matthew69,e+SYW7Bndn,melanie06@example.net,Gail Harrington
davismichael,*6CLQ!x+km,alexis55@example.org,Donald Taylor
thomas82,R4Clttkj$d,jessica79@example.com,Sherri Young
alvaradosusan,Q#3M(al&x!,beanmelissa@example.com,Amanda Stephens
jenkinsmelissa,)7RQcXSz^+,jacksonteresa@example.com,Zachary Brown
perryrodney,_2SFc)T3kV,deniserogers@example.net,Shannon Garrett
